{
  "camera": {
    "width": 1600,
    "height": 1200,
    "fov": 60
  },
  "trajectory": {
    "0": [
      -0.9421641230583191 ,
      -0.10446992516517639 ,
      -0.3184537887573242 ,
      -0.09119553118944168 ,
      0.09908083081245422 ,
      0.8208861947059631 ,
      -0.5624311566352844 ,
      -0.8964441418647766 ,
      0.32017144560813904 ,
      -0.5614550709724426 ,
      -0.7630585432052612 ,
      -6.44338846206665 ,
      0.0 ,
      0.0 ,
      0.0 ,
      1.0
    ]
  }
}